id;client_id;advisor_id;appointment_id;room_id;token;end_date;start_date
1;mobile Fish;Home Loan Account Table Computer;Trace;Savings Account alarm;Tasty Metal Bacon;2019-06-18T22:58:01;2019-06-19T16:23:45
2;Chips;Money Market Account;Albania web-readiness;Namibia;Steel zero administration;2019-06-19T12:41:58;2019-06-19T15:54:20
3;Licensed Savings Account;Cambridgeshire Mississippi;HDD;Table Small Frozen Sausages Planner;envisioneer Music Public-key;2019-06-19T15:42:27;2019-06-19T10:55:42
4;Rubber Buckinghamshire Games;incentivize Tuna copy;Costa Rica Mayotte;Industrial;connect Markets Chief;2019-06-19T07:08:33;2019-06-19T04:02:15
5;archive Georgia Aruba;software scale interactive;Louisiana Specialist Home Loan Account;Plastic;Car Industrial deliverables;2019-06-19T12:00:54;2019-06-19T16:43:22
6;Books;magenta monitor 1080p;Unbranded Plastic Tuna Frozen;generating Highway Ergonomic;moratorium moratorium;2019-06-19T03:58:54;2019-06-19T07:18:04
7;tangible Mississippi;Frozen bus;hard drive Robust Networked;Poland;Small partnerships;2019-06-19T16:39:03;2019-06-19T20:44:16
8;withdrawal knowledge base Buckinghamshire;Concrete Investment Account Saint Lucia;User-centric;Money Market Account;Salad Web virtual;2019-06-19T06:17:26;2019-06-19T18:57:36
9;Squares mint green e-business;Ghana back-end National;Direct;Profit-focused;Jewelery cutting-edge;2019-06-19T14:10:38;2019-06-19T21:19:30
10;Borders;Bedfordshire Bahamian Dollar;24/7;Gloves sky blue Oklahoma;robust Engineer;2019-06-18T22:23:37;2019-06-19T15:34:01
